<?xml version="1.0" encoding="UTF-8"?>
<configuration>
    <!-- 日志模块名称 此处配置要与app.sh中一致 -->
    <property  name="LOG_MODULE_NAME" value="battle-city-main"/>
    <!-- 各系统需修改 应用对应的端口号-->
    <property name="SERVER_PORT" value="8080"/>
    <!-- 在当前目录下创建名为logs目录做日志存放的目录 -->
    <property  name="LOG_HOME" value="../logs/${LOG_MODULE_NAME}/${SERVER_PORT}"/>
    <!-- 档案日志存放目录 -->
    <property  name="LOG_ARCHIVE" value="${LOG_HOME}/archive"/>
    <!-- 所有日志文件最大保存容量 -->
    <property  name="LOG_MAX_SIZE" value="10GB"/>
    <!-- 日志最大保存个数 -->
    <property  name="ROLLOVER_STRATEGY_MAX" value="30"/>
    <!--输出日志的格式：%d表示日期，%thread表示线程名，%-5level：级别从左显示5个字符宽度， %msg：日志消息，%n是换行符 -->
    <!--        <property  name="LOG_PATTERN" value="%d [%t] %-5level %logger{0} - %msg%n"/>-->
    <property  name="LOG_PATTERN" value="[%5p][%d{yy-MM-dd HH:mm:ss.SSS}][%t][%logger:%line] %m%n"/>
    <!-- 业务日志级别设置  -->
    <property  name="LOG_LEVEL" value="INFO"/>
    <!-- 监控日志参数  -->
    <property name="MONITOR_PATTERN" value="%m%n"/>

    <property name="PLAY_LOG_LEVEL" value="DEBUG"/>

    <!-- 控制台日志 -->
    <appender name="consoleAppender" class="ch.qos.logback.core.ConsoleAppender">
        <!--输出日志的格式 -->
        <encoder>
            <pattern>${LOG_PATTERN}</pattern>
            <charset>UTF-8</charset>
        </encoder>
        <filter class="ch.qos.logback.classic.filter.ThresholdFilter">
            <level>${LOG_LEVEL}</level>
        </filter>
    </appender>

    <appender name="INFO_LOG" class="ch.qos.logback.core.rolling.RollingFileAppender">
        <file>${LOG_HOME}/${LOG_MODULE_NAME}.log</file>
        <rollingPolicy class="ch.qos.logback.core.rolling.TimeBasedRollingPolicy">
            <fileNamePattern>${LOG_ARCHIVE}/${LOG_MODULE_NAME}-%d{yyyy-MM-dd}.log.gz</fileNamePattern>
            <maxHistory>${ROLLOVER_STRATEGY_MAX}</maxHistory>
            <totalSizeCap>${LOG_MAX_SIZE}</totalSizeCap>
        </rollingPolicy>
        <filter class="ch.qos.logback.classic.filter.ThresholdFilter">
            <level>${LOG_LEVEL}</level>
        </filter>
        <encoder>
            <pattern>${LOG_PATTERN}</pattern>
            <charset>UTF-8</charset>
        </encoder>
    </appender>

    <appender name="ERROR_LOG" class="ch.qos.logback.core.rolling.RollingFileAppender">
        <file>${LOG_HOME}/${LOG_MODULE_NAME}-error.log</file>
        <rollingPolicy class="ch.qos.logback.core.rolling.TimeBasedRollingPolicy">
            <fileNamePattern>${LOG_ARCHIVE}/${LOG_MODULE_NAME}-error-%d{yyyy-MM-dd}.log.gz</fileNamePattern>
            <maxHistory>${ROLLOVER_STRATEGY_MAX}</maxHistory>
            <totalSizeCap>${LOG_MAX_SIZE}</totalSizeCap>
        </rollingPolicy>
        <filter class="ch.qos.logback.classic.filter.LevelFilter">
            <level>ERROR</level>
            <onMatch>ACCEPT</onMatch>
            <onMismatch>DENY</onMismatch>
        </filter>
        <encoder>
            <pattern>${LOG_PATTERN}</pattern>
            <charset>UTF-8</charset>
        </encoder>
    </appender>

    <appender name="MONITOR_LOG" class="ch.qos.logback.core.rolling.RollingFileAppender">
        <file>${LOG_HOME}/${LOG_MODULE_NAME}_monitor.log</file>
        <rollingPolicy class="ch.qos.logback.core.rolling.TimeBasedRollingPolicy">
            <fileNamePattern>${LOG_ARCHIVE}/${LOG_MODULE_NAME}-monitor-%d{yyyy-MM-dd}.log.gz</fileNamePattern>
            <maxHistory>${ROLLOVER_STRATEGY_MAX}</maxHistory>
            <totalSizeCap>${LOG_MAX_SIZE}</totalSizeCap>
        </rollingPolicy>
        <filter class="ch.qos.logback.classic.filter.ThresholdFilter">
            <level>${LOG_LEVEL}</level>
        </filter>
        <encoder>
            <pattern>${MONITOR_PATTERN}</pattern>
            <charset>UTF-8</charset>
        </encoder>
    </appender>

    <appender name="PLAY_LOG" class="ch.qos.logback.core.rolling.RollingFileAppender">
        <file>${LOG_HOME}/${LOG_MODULE_NAME}_play.log</file>
        <rollingPolicy class="ch.qos.logback.core.rolling.TimeBasedRollingPolicy">
            <fileNamePattern>${LOG_ARCHIVE}/${LOG_MODULE_NAME}_play-%d{yyyy-MM-dd}.log.gz</fileNamePattern>
            <maxHistory>${ROLLOVER_STRATEGY_MAX}</maxHistory>
            <totalSizeCap>${LOG_MAX_SIZE}</totalSizeCap>
        </rollingPolicy>
        <filter class="ch.qos.logback.classic.filter.ThresholdFilter">
            <level>${PLAY_LOG_LEVEL}</level>
        </filter>
        <encoder>
            <pattern>${LOG_PATTERN}</pattern>
            <charset>UTF-8</charset>
        </encoder>
    </appender>

    <appender name="infoLogAppender" class="ch.qos.logback.classic.AsyncAppender">
        <appender-ref ref="INFO_LOG"/>
    </appender>

    <appender name="errorLogAppender" class="ch.qos.logback.classic.AsyncAppender">
        <appender-ref ref="ERROR_LOG"/>
    </appender>

    <appender name="monitorLogAppender" class="ch.qos.logback.classic.AsyncAppender">
        <appender-ref ref="MONITOR_LOG"/>
    </appender>

    <appender name="playLogAppender" class="ch.qos.logback.classic.AsyncAppender">
        <appender-ref ref="PLAY_LOG"/>
    </appender>

    <logger name="com.eastmoney.dccd.framework.base.aspect.ControllerAspect" level="${LOG_LEVEL}" additivity="false">
        <appender-ref ref="monitorLogAppender" />
    </logger>

    <logger name="com.eastmoney.dccd.tank.main.log" level="${PLAY_LOG_LEVEL}" additivity="false">
        <appender-ref ref="PLAY_LOG"/>
    </logger>

    <logger name="com.eastmoney.dccd.tank.main.log" level="${GATEWAY_LOG_LEVEL}">
        <appender-ref ref="consoleAppender"/>
    </logger>

    <!-- 根日志 -->
    <root  level="${LOG_LEVEL}">
        <appender-ref ref="consoleAppender"/>
        <appender-ref ref="infoLogAppender"/>
        <appender-ref ref="errorLogAppender"/>
    </root >
</configuration>
